No,Video Links,Thumbnails,Title,Likes,Comments,Views,Download
1,https://www.youtube.com/shorts/Tn6pYmdLVq8,https://i.ytimg.com/vi/Tn6pYmdLVq8/sddefault.jpg,,Reload,0,6123,https://scrappernew.s3.amazonaws.com/videos/C%20C%2B%2B%20and%20DSA%20in%20Hindi%20httpsbitly3Ko1Jek.mp4?X-Amz-Algorithm=AWS4-HMAC-SHA256&X-Amz-Credential=AKIA5TF45NA7BL23MRWM%2F20220911%2Fap-south-1%2Fs3%2Faws4_request&X-Amz-Date=20220911T062922Z&X-Amz-Expires=604800&X-Amz-SignedHeaders=host&X-Amz-Signature=87a313c157eca4f74a62620698979c2a98d13170646e75959066e12bab8539ef
2,https://www.youtube.com/watch?v=NdUMbGn1a2c,https://i.ytimg.com/vi/NdUMbGn1a2c/sddefault.jpg,Apply for Techathon 2 0 by @iNeuron Intelligence with @JECRC University,247,52,5664,https://scrappernew.s3.amazonaws.com/videos/Apply%20for%20Techathon%202%200%20by%20%40iNeuron%20Intelligence%20with%20%40JECRC%20University.mp4?X-Amz-Algorithm=AWS4-HMAC-SHA256&X-Amz-Credential=AKIA5TF45NA7BL23MRWM%2F20220911%2Fap-south-1%2Fs3%2Faws4_request&X-Amz-Date=20220911T062941Z&X-Amz-Expires=604800&X-Amz-SignedHeaders=host&X-Amz-Signature=55c9cae2f78e06353b91e62dc39f9edc0b0c25d27da1b7db08e5cf99afae51a3
3,https://www.youtube.com/watch?v=DjxFTs4ZuU8,https://i.ytimg.com/vi/DjxFTs4ZuU8/sddefault.jpg?v=63160d3a,Meet My Teacher | Teacher's Day Special | @UCd-HN6ZBWIFJdG6KSLATd6g,561,41,10247,https://scrappernew.s3.amazonaws.com/videos/Meet%20My%20Teacher%20%20Teachers%20Day%20Special%20%20%40UCd-HN6ZBWIFJdG6KSLATd6g.mp4?X-Amz-Algorithm=AWS4-HMAC-SHA256&X-Amz-Credential=AKIA5TF45NA7BL23MRWM%2F20220911%2Fap-south-1%2Fs3%2Faws4_request&X-Amz-Date=20220911T063011Z&X-Amz-Expires=604800&X-Amz-SignedHeaders=host&X-Amz-Signature=2a2f9f6c72c4282b8f4e219347bfaf0ed2e277ebeea71c292c15bf92f7dbd176
4,https://www.youtube.com/watch?v=uJesWe403HM,https://i.ytimg.com/vi/uJesWe403HM/sddefault.jpg?v=6315fb38,Teacher's Day Special Announcement | Offers | Neuro Labs | New Batch,459,41,7703,https://scrappernew.s3.amazonaws.com/videos/Teachers%20Day%20Special%20Announcement%20%20Offers%20%20Neuro%20Labs%20%20New%20Batch.mp4?X-Amz-Algorithm=AWS4-HMAC-SHA256&X-Amz-Credential=AKIA5TF45NA7BL23MRWM%2F20220911%2Fap-south-1%2Fs3%2Faws4_request&X-Amz-Date=20220911T063034Z&X-Amz-Expires=604800&X-Amz-SignedHeaders=host&X-Amz-Signature=3f47603c1615b194e189678687074cb157b3c51028a489a4458e45ac94e90a6e
5,https://www.youtube.com/watch?v=PPRlWvX3f9Y,https://i.ytimg.com/vi/PPRlWvX3f9Y/sddefault.jpg,Best Programming Course in Hindi,1.1K,237,15015,https://scrappernew.s3.amazonaws.com/videos/Best%20Programming%20Course%20in%20Hindi.mp4?X-Amz-Algorithm=AWS4-HMAC-SHA256&X-Amz-Credential=AKIA5TF45NA7BL23MRWM%2F20220911%2Fap-south-1%2Fs3%2Faws4_request&X-Amz-Date=20220911T063100Z&X-Amz-Expires=604800&X-Amz-SignedHeaders=host&X-Amz-Signature=b084b1e0eb181898ae54d4cc2735631285f8499aa9e3b6b52f19d8f0f1136023
6,https://www.youtube.com/shorts/mLvdnHKY220,https://i.ytimg.com/vi/mLvdnHKY220/maxresdefault.jpg,,Reload,0,8744,https://scrappernew.s3.amazonaws.com/videos/Tum%20kaun%20ho.mp4?X-Amz-Algorithm=AWS4-HMAC-SHA256&X-Amz-Credential=AKIA5TF45NA7BL23MRWM%2F20220911%2Fap-south-1%2Fs3%2Faws4_request&X-Amz-Date=20220911T063109Z&X-Amz-Expires=604800&X-Amz-SignedHeaders=host&X-Amz-Signature=3fbff227fbcdbe02ca3b8c6f696ca8440bb91e147750aed6c4262601a25a0770
7,https://www.youtube.com/watch?v=5mbQuIr6f8o,https://i.ytimg.com/vi/5mbQuIr6f8o/hqdefault.jpg?v=6301c14b,Number Shifting Game Project in C,579,36,11860,https://scrappernew.s3.amazonaws.com/videos/Number%20Shifting%20Game%20Project%20in%20C.mp4?X-Amz-Algorithm=AWS4-HMAC-SHA256&X-Amz-Credential=AKIA5TF45NA7BL23MRWM%2F20220911%2Fap-south-1%2Fs3%2Faws4_request&X-Amz-Date=20220911T063131Z&X-Amz-Expires=604800&X-Amz-SignedHeaders=host&X-Amz-Signature=52368f0cd5c74106bd8c62ae5d5d782e295775b30f4416b71b80cf8bdd990220
8,https://www.youtube.com/watch?v=PTlNfIaSGus,https://i.ytimg.com/vi/PTlNfIaSGus/sddefault.jpg?v=63006757,Introduction to C++ and OOP (Bootcamp Batch LIVE),910,69,17847,https://scrappernew.s3.amazonaws.com/videos/Introduction%20to%20C%2B%2B%20and%20OOP%20%28Bootcamp%20Batch%20LIVE%29.mp4?X-Amz-Algorithm=AWS4-HMAC-SHA256&X-Amz-Credential=AKIA5TF45NA7BL23MRWM%2F20220911%2Fap-south-1%2Fs3%2Faws4_request&X-Amz-Date=20220911T063158Z&X-Amz-Expires=604800&X-Amz-SignedHeaders=host&X-Amz-Signature=b2857d2d56bc079e82f0fe06c6ab68b907b66049a56faaa476e0dc577821f7b1
9,https://www.youtube.com/watch?v=AwmhL1N8QEE,https://i.ytimg.com/vi/AwmhL1N8QEE/sddefault.jpg?v=62fa6b72,MySirG Gift on Independence Day | Jai Hind,805,181,13095,https://scrappernew.s3.amazonaws.com/videos/MySirG%20Gift%20on%20Independence%20Day%20%20Jai%20Hind.mp4?X-Amz-Algorithm=AWS4-HMAC-SHA256&X-Amz-Credential=AKIA5TF45NA7BL23MRWM%2F20220911%2Fap-south-1%2Fs3%2Faws4_request&X-Amz-Date=20220911T063224Z&X-Amz-Expires=604800&X-Amz-SignedHeaders=host&X-Amz-Signature=185db91870db73734a06f2e844f5baec856500dbfce712c07a7c0654c834f782
10,https://www.youtube.com/watch?v=KFZ3Eftp8lo,https://i.ytimg.com/vi/KFZ3Eftp8lo/sddefault.jpg?v=62f6661c,Loops in Python | LIVE Community Classes | MySirG,471,22,10856,https://scrappernew.s3.amazonaws.com/videos/Loops%20in%20Python%20%20LIVE%20Community%20Classes%20%20MySirG.mp4?X-Amz-Algorithm=AWS4-HMAC-SHA256&X-Amz-Credential=AKIA5TF45NA7BL23MRWM%2F20220911%2Fap-south-1%2Fs3%2Faws4_request&X-Amz-Date=20220911T063248Z&X-Amz-Expires=604800&X-Amz-SignedHeaders=host&X-Amz-Signature=0db271f9c0df0d4aa601df1c04f59d660907e6e290f26349329d58043d5c6190
11,https://www.youtube.com/shorts/qgNnf1GMLxc,https://i.ytimg.com/vi/qgNnf1GMLxc/maxresdefault.jpg,,Reload,0,6073,https://scrappernew.s3.amazonaws.com/videos/Yeh%20channel%20dekha%20kya.mp4?X-Amz-Algorithm=AWS4-HMAC-SHA256&X-Amz-Credential=AKIA5TF45NA7BL23MRWM%2F20220911%2Fap-south-1%2Fs3%2Faws4_request&X-Amz-Date=20220911T063258Z&X-Amz-Expires=604800&X-Amz-SignedHeaders=host&X-Amz-Signature=b425cafe23c57283a66bb643ba06b75845d18ff162f3a8984b170062cb2bab96
12,https://www.youtube.com/watch?v=-Po6d6Zm3cE,https://i.ytimg.com/vi/-Po6d6Zm3cE/sddefault.jpg?v=62f51268,Decision Control in Python | LIVE Community Classes | MySirG,372,15,7903,https://scrappernew.s3.amazonaws.com/videos/Decision%20Control%20in%20Python%20%20LIVE%20Community%20Classes%20%20MySirG.mp4?X-Amz-Algorithm=AWS4-HMAC-SHA256&X-Amz-Credential=AKIA5TF45NA7BL23MRWM%2F20220911%2Fap-south-1%2Fs3%2Faws4_request&X-Amz-Date=20220911T063316Z&X-Amz-Expires=604800&X-Amz-SignedHeaders=host&X-Amz-Signature=ea7e0f9c5f7f0e361b6fdbf8dfe22acbcecf9bd9f7897be92d2ebfb41363859d
13,https://www.youtube.com/watch?v=2D7uw4ghr88,https://i.ytimg.com/vi/2D7uw4ghr88/sddefault.jpg?v=62f3c228,"Keywords, Operators and User input in Python | LIVE Community Classes | MySirG",546,17,11131,https://scrappernew.s3.amazonaws.com/videos/Keywords%20Operators%20and%20User%20input%20in%20Python%20%20LIVE%20Community%20Classes%20%20MySirG.mp4?X-Amz-Algorithm=AWS4-HMAC-SHA256&X-Amz-Credential=AKIA5TF45NA7BL23MRWM%2F20220911%2Fap-south-1%2Fs3%2Faws4_request&X-Amz-Date=20220911T063337Z&X-Amz-Expires=604800&X-Amz-SignedHeaders=host&X-Amz-Signature=5d38b88010dc3e862ee7489e93a2942554a52cd109898f0014990ba2712833f6
14,https://www.youtube.com/watch?v=ppKaxLop79c,https://i.ytimg.com/vi/ppKaxLop79c/sddefault.jpg?v=62f27a8e,Variables and Types in Python | LIVE Community Classes | MySirG,737,30,13318,https://scrappernew.s3.amazonaws.com/videos/Variables%20and%20Types%20in%20Python%20%20LIVE%20Community%20Classes%20%20MySirG.mp4?X-Amz-Algorithm=AWS4-HMAC-SHA256&X-Amz-Credential=AKIA5TF45NA7BL23MRWM%2F20220911%2Fap-south-1%2Fs3%2Faws4_request&X-Amz-Date=20220911T063403Z&X-Amz-Expires=604800&X-Amz-SignedHeaders=host&X-Amz-Signature=bc7d1bc14058c530b65ad7904742a7339f3c2a41df487cebfc79f03a18e40078
15,https://www.youtube.com/watch?v=MpEldU7Z_Wc,https://i.ytimg.com/vi/MpEldU7Z_Wc/sddefault.jpg?v=62f126a2,Introduction to Python | LIVE Community Classes | MySirG,1.4K,91,26352,https://scrappernew.s3.amazonaws.com/videos/Variables%20and%20Types%20in%20Python%20%20LIVE%20Community%20Classes%20%20MySirG.mp4?X-Amz-Algorithm=AWS4-HMAC-SHA256&X-Amz-Credential=AKIA5TF45NA7BL23MRWM%2F20220911%2Fap-south-1%2Fs3%2Faws4_request&X-Amz-Date=20220911T063403Z&X-Amz-Expires=604800&X-Amz-SignedHeaders=host&X-Amz-Signature=bc7d1bc14058c530b65ad7904742a7339f3c2a41df487cebfc79f03a18e40078
16,https://www.youtube.com/watch?v=QaBLikVYeWI,https://i.ytimg.com/vi/QaBLikVYeWI/sddefault.jpg?v=62ed0e6f,Pointers in C Language | Community Classes | LIVE | MySirG,536,53,11515,https://scrappernew.s3.amazonaws.com/videos/Pointers%20in%20C%20Language%20%20Community%20Classes%20%20LIVE%20%20MySirG.mp4?X-Amz-Algorithm=AWS4-HMAC-SHA256&X-Amz-Credential=AKIA5TF45NA7BL23MRWM%2F20220911%2Fap-south-1%2Fs3%2Faws4_request&X-Amz-Date=20220911T063446Z&X-Amz-Expires=604800&X-Amz-SignedHeaders=host&X-Amz-Signature=cf7d9e21862dec433d163daf9c420f6cd55061464a20c7f7842fbef760b1056a
17,https://www.youtube.com/watch?v=0li7LVo0Zfc,https://i.ytimg.com/vi/0li7LVo0Zfc/sddefault.jpg?v=62ebcff4,Strings in C Language | Community Classes | LIVE | MySirG,498,18,9521,https://scrappernew.s3.amazonaws.com/videos/Strings%20in%20C%20Language%20%20Community%20Classes%20%20LIVE%20%20MySirG.mp4?X-Amz-Algorithm=AWS4-HMAC-SHA256&X-Amz-Credential=AKIA5TF45NA7BL23MRWM%2F20220911%2Fap-south-1%2Fs3%2Faws4_request&X-Amz-Date=20220911T063510Z&X-Amz-Expires=604800&X-Amz-SignedHeaders=host&X-Amz-Signature=ccb8b787726aed46c703b2120fbfc087e2992728cea10029213720de4cd84fba
18,https://www.youtube.com/watch?v=LBLoa3btyVw,https://i.ytimg.com/vi/LBLoa3btyVw/sddefault.jpg?v=62ea9047,Arrays in C Language | Community Classes | LIVE | MySirG,514,26,10749,https://scrappernew.s3.amazonaws.com/videos/Arrays%20in%20C%20Language%20%20Community%20Classes%20%20LIVE%20%20MySirG.mp4?X-Amz-Algorithm=AWS4-HMAC-SHA256&X-Amz-Credential=AKIA5TF45NA7BL23MRWM%2F20220911%2Fap-south-1%2Fs3%2Faws4_request&X-Amz-Date=20220911T063532Z&X-Amz-Expires=604800&X-Amz-SignedHeaders=host&X-Amz-Signature=f81b6a34d08b91603ff2ee5a96d84526808117234579dade49febd6bf67c800e
19,https://www.youtube.com/watch?v=E8LZZUC_2g0,https://i.ytimg.com/vi/E8LZZUC_2g0/sddefault.jpg?v=62e93cf5,Recursion in C Language | Community Classes | LIVE | MySirG,636,38,10170,https://scrappernew.s3.amazonaws.com/videos/Recursion%20in%20C%20Language%20%20Community%20Classes%20%20LIVE%20%20MySirG.mp4?X-Amz-Algorithm=AWS4-HMAC-SHA256&X-Amz-Credential=AKIA5TF45NA7BL23MRWM%2F20220911%2Fap-south-1%2Fs3%2Faws4_request&X-Amz-Date=20220911T063557Z&X-Amz-Expires=604800&X-Amz-SignedHeaders=host&X-Amz-Signature=5665135ef08a2db256edd83a2699c1be2add3fd845568a5c719cf148670a6a17
20,https://www.youtube.com/watch?v=8yJFzfYMk30,https://i.ytimg.com/vi/8yJFzfYMk30/sddefault.jpg?v=62e7eca0,Functions in C Language | Community Classes | LIVE | MySirG,692,42,13774,https://scrappernew.s3.amazonaws.com/videos/Functions%20in%20C%20Language%20%20Community%20Classes%20%20LIVE%20%20MySirG.mp4?X-Amz-Algorithm=AWS4-HMAC-SHA256&X-Amz-Credential=AKIA5TF45NA7BL23MRWM%2F20220911%2Fap-south-1%2Fs3%2Faws4_request&X-Amz-Date=20220911T063621Z&X-Amz-Expires=604800&X-Amz-SignedHeaders=host&X-Amz-Signature=90cc2c57cbb081cfa5b7c5b55ca5e2eafdd06b32160927d630f95f2ccd0de7af
21,https://www.youtube.com/watch?v=oHzGUSprgMY,https://i.ytimg.com/vi/oHzGUSprgMY/sddefault.jpg,How @Rohit Negi cracked 2 Crore package? | MySirG Family,3.8K,198,66423,https://scrappernew.s3.amazonaws.com/videos/How%20%40Rohit%20Negi%20cracked%202%20Crore%20package%20%20MySirG%20Family.mp4?X-Amz-Algorithm=AWS4-HMAC-SHA256&X-Amz-Credential=AKIA5TF45NA7BL23MRWM%2F20220911%2Fap-south-1%2Fs3%2Faws4_request&X-Amz-Date=20220911T063646Z&X-Amz-Expires=604800&X-Amz-SignedHeaders=host&X-Amz-Signature=6d1e6d794f536beb585c407844c48ac8fb51932148ab88222e6acc35e560cc9a
22,https://www.youtube.com/watch?v=FGOXKUFlZL0,https://i.ytimg.com/vi/FGOXKUFlZL0/sddefault.jpg?v=62e00ad3,C Language | Assignment Solution Day-5 | Community Classes | LIVE | MySirG,370,15,8021,https://scrappernew.s3.amazonaws.com/videos/C%20Language%20%20Assignment%20Solution%20Day-5%20%20Community%20Classes%20%20LIVE%20%20MySirG.mp4?X-Amz-Algorithm=AWS4-HMAC-SHA256&X-Amz-Credential=AKIA5TF45NA7BL23MRWM%2F20220911%2Fap-south-1%2Fs3%2Faws4_request&X-Amz-Date=20220911T063709Z&X-Amz-Expires=604800&X-Amz-SignedHeaders=host&X-Amz-Signature=5909a7e1e8dfbbff356a933455af28052424ce4ea22ae508834978603846408f
23,https://www.youtube.com/watch?v=L0PohILU8Oo,https://i.ytimg.com/vi/L0PohILU8Oo/sddefault.jpg?v=62dd0cf4,Hackathon se LIVE,476,17,13858,https://scrappernew.s3.amazonaws.com/videos/Hackathon%20se%20LIVE.mp4?X-Amz-Algorithm=AWS4-HMAC-SHA256&X-Amz-Credential=AKIA5TF45NA7BL23MRWM%2F20220911%2Fap-south-1%2Fs3%2Faws4_request&X-Amz-Date=20220911T063736Z&X-Amz-Expires=604800&X-Amz-SignedHeaders=host&X-Amz-Signature=30d2ec2e688e45a492b281a6d54089632cb6eb13d70f71c593d64725a9edc753
24,https://www.youtube.com/watch?v=yLcx9aGpFNU,https://i.ytimg.com/vi/yLcx9aGpFNU/sddefault.jpg?v=62dc3c57,Blockchain Hackathon LIVE,492,31,12497,https://scrappernew.s3.amazonaws.com/videos/Blockchain%20Hackathon%20LIVE.mp4?X-Amz-Algorithm=AWS4-HMAC-SHA256&X-Amz-Credential=AKIA5TF45NA7BL23MRWM%2F20220911%2Fap-south-1%2Fs3%2Faws4_request&X-Amz-Date=20220911T063801Z&X-Amz-Expires=604800&X-Amz-SignedHeaders=host&X-Amz-Signature=fedb82e06abc69e766ab561c587bf1f56037ffa57dc44f7e037a3133e1ec386f
25,https://www.youtube.com/watch?v=N8H6BRPbuLQ,https://i.ytimg.com/vi/N8H6BRPbuLQ/sddefault.jpg?v=62d81c9e,C Language | Assignment Solution Day-4 | Community Classes | LIVE | MySirG,290,31,6359,https://scrappernew.s3.amazonaws.com/videos/C%20Language%20%20Assignment%20Solution%20Day-4%20%20Community%20Classes%20%20LIVE%20%20MySirG.mp4?X-Amz-Algorithm=AWS4-HMAC-SHA256&X-Amz-Credential=AKIA5TF45NA7BL23MRWM%2F20220911%2Fap-south-1%2Fs3%2Faws4_request&X-Amz-Date=20220911T063822Z&X-Amz-Expires=604800&X-Amz-SignedHeaders=host&X-Amz-Signature=244092363cd9ad3586dab8a8c707c0b979438593625fa78caff9ff916baaae2c
26,https://www.youtube.com/watch?v=TPqgL5YcToQ,https://i.ytimg.com/vi/TPqgL5YcToQ/sddefault.jpg,Free Entry in Blockchain Hackathon | @iNeuron Intelligence@Neo Smart Economy @Telusko​,176,19,3784,https://scrappernew.s3.amazonaws.com/videos/Free%20Entry%20in%20Blockchain%20Hackathon%20%20%40iNeuron%20Intelligence%40Neo%20Smart%20Economy%20%40Telusko%E2%80%8B.mp4?X-Amz-Algorithm=AWS4-HMAC-SHA256&X-Amz-Credential=AKIA5TF45NA7BL23MRWM%2F20220911%2Fap-south-1%2Fs3%2Faws4_request&X-Amz-Date=20220911T063836Z&X-Amz-Expires=604800&X-Amz-SignedHeaders=host&X-Amz-Signature=f09b9a3ec26303707a1f907ed0fba3930eb6c46af276aa1dec7e65b6c51a41bb
27,https://www.youtube.com/watch?v=y1vtmwd3ccY,https://i.ytimg.com/vi/y1vtmwd3ccY/sddefault.jpg?v=62d5811a,C Language | Assignment Solution Day-3 | Community Classes | LIVE | MySirG,260,20,5733,https://scrappernew.s3.amazonaws.com/videos/C%20Language%20%20Assignment%20Solution%20Day-3%20%20Community%20Classes%20%20LIVE%20%20MySirG.mp4?X-Amz-Algorithm=AWS4-HMAC-SHA256&X-Amz-Credential=AKIA5TF45NA7BL23MRWM%2F20220911%2Fap-south-1%2Fs3%2Faws4_request&X-Amz-Date=20220911T063857Z&X-Amz-Expires=604800&X-Amz-SignedHeaders=host&X-Amz-Signature=b520b635ea480e327c087031b53b31665271ac976aaf15bad4a8c2e4e3876ae3
28,https://www.youtube.com/watch?v=KNTz0N10lzg,https://i.ytimg.com/vi/KNTz0N10lzg/sddefault.jpg,Full Stack Web Development using Python | LIVE class in Hindi,607,159,10648,https://scrappernew.s3.amazonaws.com/videos/Full%20Stack%20Web%20Development%20using%20Python%20%20LIVE%20class%20in%20Hindi.mp4?X-Amz-Algorithm=AWS4-HMAC-SHA256&X-Amz-Credential=AKIA5TF45NA7BL23MRWM%2F20220911%2Fap-south-1%2Fs3%2Faws4_request&X-Amz-Date=20220911T063916Z&X-Amz-Expires=604800&X-Amz-SignedHeaders=host&X-Amz-Signature=db84a5ea7ef79a7186b97ddcac5fb4be2ac1ed52949948c22522527052cb1864
29,https://www.youtube.com/watch?v=h6qXQ7DHcgE,https://i.ytimg.com/vi/h6qXQ7DHcgE/sddefault.jpg?v=62d032e5,C Language | Assignment Solution Day-2 | Community Classes | LIVE | MySirG,386,17,8283,https://scrappernew.s3.amazonaws.com/videos/C%20Language%20%20Assignment%20Solution%20Day-2%20%20Community%20Classes%20%20LIVE%20%20MySirG.mp4?X-Amz-Algorithm=AWS4-HMAC-SHA256&X-Amz-Credential=AKIA5TF45NA7BL23MRWM%2F20220911%2Fap-south-1%2Fs3%2Faws4_request&X-Amz-Date=20220911T063937Z&X-Amz-Expires=604800&X-Amz-SignedHeaders=host&X-Amz-Signature=aa6145fe0c0b521959384adfae3a65acc9395ef0909cc4482517cd0b0355ae9b
30,https://www.youtube.com/watch?v=2sgAzyYkS1g,https://i.ytimg.com/vi/2sgAzyYkS1g/sddefault.jpg?v=62cd939c,C Language | Assignment Solution Day-1 | Community Classes | LIVE | MySirG,606,22,12822,https://scrappernew.s3.amazonaws.com/videos/C%20Language%20%20Assignment%20Solution%20Day-1%20%20Community%20Classes%20%20LIVE%20%20MySirG.mp4?X-Amz-Algorithm=AWS4-HMAC-SHA256&X-Amz-Credential=AKIA5TF45NA7BL23MRWM%2F20220911%2Fap-south-1%2Fs3%2Faws4_request&X-Amz-Date=20220911T064006Z&X-Amz-Expires=604800&X-Amz-SignedHeaders=host&X-Amz-Signature=ceb683ade6bff1d65630d9a21d2ada65a072c37de069d10457d7e2b760a65075
31,https://www.youtube.com/watch?v=-n5D8rMUhBM,https://i.ytimg.com/vi/-n5D8rMUhBM/sddefault.jpg?v=62ca4744,MySirG ki LIVE classes ऐसे होती हैं  @iNeuron Intelligence ​,641,212,14513,https://scrappernew.s3.amazonaws.com/videos/MySirG%20ki%20LIVE%20classes%20%E0%A4%90%E0%A4%B8%E0%A5%87%20%E0%A4%B9%E0%A5%8B%E0%A4%A4%E0%A5%80%20%E0%A4%B9%E0%A5%88%E0%A4%82%20%20%40iNeuron%20Intelligence%20%E2%80%8B.mp4?X-Amz-Algorithm=AWS4-HMAC-SHA256&X-Amz-Credential=AKIA5TF45NA7BL23MRWM%2F20220911%2Fap-south-1%2Fs3%2Faws4_request&X-Amz-Date=20220911T064039Z&X-Amz-Expires=604800&X-Amz-SignedHeaders=host&X-Amz-Signature=e03c72d4834394d0166f941265a09049e87e53cb09d3e45157a43bbca000b76c
32,https://www.youtube.com/watch?v=zVB2ZR6RpzM,https://i.ytimg.com/vi/zVB2ZR6RpzM/sddefault.jpg?v=62bd394e,Switch Case Control in C Language | Community LIVE Class | Day-13,699,97,14149,https://scrappernew.s3.amazonaws.com/videos/Switch%20Case%20Control%20in%20C%20Language%20%20Community%20LIVE%20Class%20%20Day-13.mp4?X-Amz-Algorithm=AWS4-HMAC-SHA256&X-Amz-Credential=AKIA5TF45NA7BL23MRWM%2F20220911%2Fap-south-1%2Fs3%2Faws4_request&X-Amz-Date=20220911T064103Z&X-Amz-Expires=604800&X-Amz-SignedHeaders=host&X-Amz-Signature=a2d437220b8d4e17c5902debb019428b4f1916c01e6cead556a170e218b93ef9
33,https://www.youtube.com/watch?v=raNY4Ig8dd0,https://i.ytimg.com/vi/raNY4Ig8dd0/sddefault.jpg?v=62bc12a5,Nested Loop and Star Pattern in C Language| Community LIVE Class | Day-12,721,28,11657,https://scrappernew.s3.amazonaws.com/videos/Nested%20Loop%20and%20Star%20Pattern%20in%20C%20Language%20Community%20LIVE%20Class%20%20Day-12.mp4?X-Amz-Algorithm=AWS4-HMAC-SHA256&X-Amz-Credential=AKIA5TF45NA7BL23MRWM%2F20220911%2Fap-south-1%2Fs3%2Faws4_request&X-Amz-Date=20220911T064127Z&X-Amz-Expires=604800&X-Amz-SignedHeaders=host&X-Amz-Signature=72dd14b00a6f5761866a5463fbc88b99105b79bc623f21d60d140310ba28831e
34,https://www.youtube.com/watch?v=l1UHODo7yIM,https://i.ytimg.com/vi/l1UHODo7yIM/sddefault.jpg?v=62ba9daf,"do while, for and break in C Language| Community LIVE Class | Day-11",858,27,10534,https://scrappernew.s3.amazonaws.com/videos/do%20while%20for%20and%20break%20in%20C%20Language%20Community%20LIVE%20Class%20%20Day-11.mp4?X-Amz-Algorithm=AWS4-HMAC-SHA256&X-Amz-Credential=AKIA5TF45NA7BL23MRWM%2F20220911%2Fap-south-1%2Fs3%2Faws4_request&X-Amz-Date=20220911T064151Z&X-Amz-Expires=604800&X-Amz-SignedHeaders=host&X-Amz-Signature=8382e5ca81503eb10d79d427bb83f8708755cf6d586519c2e16edbb8cf6d0390
35,https://www.youtube.com/watch?v=Mq5k6TXs3xo,https://i.ytimg.com/vi/Mq5k6TXs3xo/sddefault.jpg?v=62b99b2b,while loop in C Language | Community LIVE Class | Day-10,911,25,12083,https://scrappernew.s3.amazonaws.com/videos/while%20loop%20in%20C%20Language%20%20Community%20LIVE%20Class%20%20Day-10.mp4?X-Amz-Algorithm=AWS4-HMAC-SHA256&X-Amz-Credential=AKIA5TF45NA7BL23MRWM%2F20220911%2Fap-south-1%2Fs3%2Faws4_request&X-Amz-Date=20220911T064215Z&X-Amz-Expires=604800&X-Amz-SignedHeaders=host&X-Amz-Signature=77bb4081223a49ee2fb06fc95b65ac10c36e11ed7f20cf00d4c4cc1038a7b1a4
36,https://www.youtube.com/watch?v=r84HKqKlIS8,https://i.ytimg.com/vi/r84HKqKlIS8/sddefault.jpg?v=62b7264f,LIVE from Hackathon 3.0 | Ultimate Tech Fun,528,21,14609,https://scrappernew.s3.amazonaws.com/videos/LIVE%20from%20Hackathon%2030%20%20Ultimate%20Tech%20Fun.mp4?X-Amz-Algorithm=AWS4-HMAC-SHA256&X-Amz-Credential=AKIA5TF45NA7BL23MRWM%2F20220911%2Fap-south-1%2Fs3%2Faws4_request&X-Amz-Date=20220911T064308Z&X-Amz-Expires=604800&X-Amz-SignedHeaders=host&X-Amz-Signature=6973e74c29020c70a8792972c82a809f9599834a670c4190e283e8115ea47aea
37,https://www.youtube.com/watch?v=Nu5JL4JXzeU,https://i.ytimg.com/vi/Nu5JL4JXzeU/sddefault.jpg?v=62b543c5,Iterative Control in C Language | Community LIVE Class | Day-9,1K,43,10827,https://scrappernew.s3.amazonaws.com/videos/Iterative%20Control%20in%20C%20Language%20%20Community%20LIVE%20Class%20%20Day-9.mp4?X-Amz-Algorithm=AWS4-HMAC-SHA256&X-Amz-Credential=AKIA5TF45NA7BL23MRWM%2F20220911%2Fap-south-1%2Fs3%2Faws4_request&X-Amz-Date=20220911T064328Z&X-Amz-Expires=604800&X-Amz-SignedHeaders=host&X-Amz-Signature=fca3acffbb29f0604e2dc563dfe5a84e6f6897e03ee1467e71dfcf3c4af71a35
38,https://www.youtube.com/watch?v=T9opDCiDLFg,https://i.ytimg.com/vi/T9opDCiDLFg/sddefault.jpg,Hackathon Announcement | Saturday 25 Jun 2022,181,11,3023,https://scrappernew.s3.amazonaws.com/videos/Hackathon%20Announcement%20%20Saturday%2025%20Jun%202022.mp4?X-Amz-Algorithm=AWS4-HMAC-SHA256&X-Amz-Credential=AKIA5TF45NA7BL23MRWM%2F20220911%2Fap-south-1%2Fs3%2Faws4_request&X-Amz-Date=20220911T064340Z&X-Amz-Expires=604800&X-Amz-SignedHeaders=host&X-Amz-Signature=617d1f33ec409eb472672aa62d67e4d9a1fa426c3820ced0f212739ad7f7625a
39,https://www.youtube.com/watch?v=FAUZZDH-Vec,https://i.ytimg.com/vi/FAUZZDH-Vec/sddefault.jpg?v=62b42a64,More on Decision Control | Community LIVE Class | Day-8,853,20,11740,https://scrappernew.s3.amazonaws.com/videos/More%20on%20Decision%20Control%20%20Community%20LIVE%20Class%20%20Day-8.mp4?X-Amz-Algorithm=AWS4-HMAC-SHA256&X-Amz-Credential=AKIA5TF45NA7BL23MRWM%2F20220911%2Fap-south-1%2Fs3%2Faws4_request&X-Amz-Date=20220911T064403Z&X-Amz-Expires=604800&X-Amz-SignedHeaders=host&X-Amz-Signature=ccb328fc140a7b736e27bf7825f2e09200456ae7f9c1473e8b408b782e0702a6
40,https://www.youtube.com/watch?v=1dX7SR7YnUM,https://i.ytimg.com/vi/1dX7SR7YnUM/sddefault.jpg?v=62b2b634,Decision Control Statements | Community LIVE Class | Day-7,1.3K,32,15089,https://scrappernew.s3.amazonaws.com/videos/Decision%20Control%20Statements%20%20Community%20LIVE%20Class%20%20Day-7.mp4?X-Amz-Algorithm=AWS4-HMAC-SHA256&X-Amz-Credential=AKIA5TF45NA7BL23MRWM%2F20220911%2Fap-south-1%2Fs3%2Faws4_request&X-Amz-Date=20220911T064430Z&X-Amz-Expires=604800&X-Amz-SignedHeaders=host&X-Amz-Signature=cde4b5516f61768a0d78042c705388989d84825b164a1a01855136791e4c128d
41,https://www.youtube.com/watch?v=D2ryl73dwoE,https://i.ytimg.com/vi/D2ryl73dwoE/sddefault.jpg?v=62b15b25,Operators in C Language | Community LIVE Class | Day-6,1.2K,65,18035,https://scrappernew.s3.amazonaws.com/videos/Operators%20in%20C%20Language%20%20Community%20LIVE%20Class%20%20Day-6.mp4?X-Amz-Algorithm=AWS4-HMAC-SHA256&X-Amz-Credential=AKIA5TF45NA7BL23MRWM%2F20220911%2Fap-south-1%2Fs3%2Faws4_request&X-Amz-Date=20220911T064457Z&X-Amz-Expires=604800&X-Amz-SignedHeaders=host&X-Amz-Signature=7d0d4d147cc272b2f6774d111db7e8df37de2c97dad5509d1132dfa967d47b70
42,https://www.youtube.com/watch?v=b-KYG7ahBvg,https://i.ytimg.com/vi/b-KYG7ahBvg/sddefault.jpg?v=62b0b901,History of C Language and Tokens | Community LIVE Class | Day-5,1.2K,42,17182,https://scrappernew.s3.amazonaws.com/videos/History%20of%20C%20Language%20and%20Tokens%20%20Community%20LIVE%20Class%20%20Day-5.mp4?X-Amz-Algorithm=AWS4-HMAC-SHA256&X-Amz-Credential=AKIA5TF45NA7BL23MRWM%2F20220911%2Fap-south-1%2Fs3%2Faws4_request&X-Amz-Date=20220911T064522Z&X-Amz-Expires=604800&X-Amz-SignedHeaders=host&X-Amz-Signature=f16cb43c2fe5b0d9540fca3cc803f785125e53a0dd6b7010e01a15665db9f20e
43,https://www.youtube.com/watch?v=uqTKg5zSfUk,https://i.ytimg.com/vi/uqTKg5zSfUk/sddefault.jpg?v=62ac21a9,Output Instruction in C Language | Community LIVE Classes | Day-4,1.9K,110,26255,https://scrappernew.s3.amazonaws.com/videos/Output%20Instruction%20in%20C%20Language%20%20Community%20LIVE%20Classes%20%20Day-4.mp4?X-Amz-Algorithm=AWS4-HMAC-SHA256&X-Amz-Credential=AKIA5TF45NA7BL23MRWM%2F20220911%2Fap-south-1%2Fs3%2Faws4_request&X-Amz-Date=20220911T064551Z&X-Amz-Expires=604800&X-Amz-SignedHeaders=host&X-Amz-Signature=4ccf75063243a192c0ee7b58bdfb994846e4503ef29c4bbb61981cbf18a1ad2c
44,https://www.youtube.com/watch?v=zIZs5ITni0A,https://i.ytimg.com/vi/zIZs5ITni0A/sddefault.jpg?v=62aac21c,Data Types and Variable Declarations | Community LIVE Class | Day-3,2.1K,104,27757,https://scrappernew.s3.amazonaws.com/videos/Data%20Types%20and%20Variable%20Declarations%20%20Community%20LIVE%20Class%20%20Day-3.mp4?X-Amz-Algorithm=AWS4-HMAC-SHA256&X-Amz-Credential=AKIA5TF45NA7BL23MRWM%2F20220911%2Fap-south-1%2Fs3%2Faws4_request&X-Amz-Date=20220911T064617Z&X-Amz-Expires=604800&X-Amz-SignedHeaders=host&X-Amz-Signature=d20a19f7fc3799fee10e3c3fb7b775452cf5c67efd3c3fe40da7f56855065652
45,https://www.youtube.com/watch?v=ZJxOtmoSLRk,https://i.ytimg.com/vi/ZJxOtmoSLRk/sddefault.jpg,Hackathon 2.0 | Jetbrains - Kotlin | Prizes 4.5L+ 5000 USD Licenses,197,12,3468,https://scrappernew.s3.amazonaws.com/videos/Hackathon%2020%20%20Jetbrains%20-%20Kotlin%20%20Prizes%2045L%2B%205000%20USD%20Licenses.mp4?X-Amz-Algorithm=AWS4-HMAC-SHA256&X-Amz-Credential=AKIA5TF45NA7BL23MRWM%2F20220911%2Fap-south-1%2Fs3%2Faws4_request&X-Amz-Date=20220911T064634Z&X-Amz-Expires=604800&X-Amz-SignedHeaders=host&X-Amz-Signature=752b5e21e0032ce7539e579d2f58e8d8801cf9cce79bd5c64ee5e9c66607191c
46,https://www.youtube.com/watch?v=Aadj7f_EdXA,https://i.ytimg.com/vi/Aadj7f_EdXA/sddefault.jpg?v=62a98568,History of C Language and Tokens | Community LIVE Class | Day-2,2.9K,179,36096,https://scrappernew.s3.amazonaws.com/videos/History%20of%20C%20Language%20and%20Tokens%20%20Community%20LIVE%20Class%20%20Day-2.mp4?X-Amz-Algorithm=AWS4-HMAC-SHA256&X-Amz-Credential=AKIA5TF45NA7BL23MRWM%2F20220911%2Fap-south-1%2Fs3%2Faws4_request&X-Amz-Date=20220911T064711Z&X-Amz-Expires=604800&X-Amz-SignedHeaders=host&X-Amz-Signature=d743caad045a6308b66a044bd454ea80b776f14f916bc147cd5ea63d5939af0a
47,https://www.youtube.com/watch?v=nyMORQAdhkk,https://i.ytimg.com/vi/nyMORQAdhkk/sddefault.jpg?v=62a86e9f,Introduction to C Programming | Community LIVE Class | Day-1,3.3K,255,57136,https://scrappernew.s3.amazonaws.com/videos/Introduction%20to%20C%20Programming%20%20Community%20LIVE%20Class%20%20Day-1.mp4?X-Amz-Algorithm=AWS4-HMAC-SHA256&X-Amz-Credential=AKIA5TF45NA7BL23MRWM%2F20220911%2Fap-south-1%2Fs3%2Faws4_request&X-Amz-Date=20220911T064747Z&X-Amz-Expires=604800&X-Amz-SignedHeaders=host&X-Amz-Signature=d7c6f185d74fc53282492db88cf6f2110c82cc9e722259fb5687752a5601c751
48,https://www.youtube.com/watch?v=-LUY_xSoj0M,https://i.ytimg.com/vi/-LUY_xSoj0M/sddefault.jpg,LIVE Community Classes Announcement | Win Prizes,1.6K,154,22482,https://scrappernew.s3.amazonaws.com/videos/LIVE%20Community%20Classes%20Announcement%20%20Win%20Prizes.mp4?X-Amz-Algorithm=AWS4-HMAC-SHA256&X-Amz-Credential=AKIA5TF45NA7BL23MRWM%2F20220911%2Fap-south-1%2Fs3%2Faws4_request&X-Amz-Date=20220911T064812Z&X-Amz-Expires=604800&X-Amz-SignedHeaders=host&X-Amz-Signature=0e5220534c01402a48b2c13e4d0bd922d41224dd5aa91de23ce91055977cfa60
49,https://www.youtube.com/shorts/kjujkaEYryc,https://i.ytimg.com/vi/kjujkaEYryc/maxresdefault.jpg,,Reload,0,11941,https://scrappernew.s3.amazonaws.com/videos/Judging%20in%20Hackathon%20was%20wonderful%20experience.mp4?X-Amz-Algorithm=AWS4-HMAC-SHA256&X-Amz-Credential=AKIA5TF45NA7BL23MRWM%2F20220911%2Fap-south-1%2Fs3%2Faws4_request&X-Amz-Date=20220911T064822Z&X-Amz-Expires=604800&X-Amz-SignedHeaders=host&X-Amz-Signature=8159b39dd46b909a01a09d804a052085d50c7e3be5c26488926950de1cc01e74
50,https://www.youtube.com/watch?v=AiXYFKAEugk,https://i.ytimg.com/vi/AiXYFKAEugk/sddefault.jpg?v=62a5ca34,LIVE project presentation Hackathon,362,10,16284,https://scrappernew.s3.amazonaws.com/videos/LIVE%20project%20presentation%20Hackathon.mp4?X-Amz-Algorithm=AWS4-HMAC-SHA256&X-Amz-Credential=AKIA5TF45NA7BL23MRWM%2F20220911%2Fap-south-1%2Fs3%2Faws4_request&X-Amz-Date=20220911T064851Z&X-Amz-Expires=604800&X-Amz-SignedHeaders=host&X-Amz-Signature=0f819c5170ad17c08a589bdbaaffaa548a1aed07aae4b757ca8301dd30a9c98c
